{
  "users": [
    {
      "id": "1",
      "name": "swathi",
      "email": "abc@gmail.com",
      "password": "asdfgh",
      "address": [
        {
          "addressid": "vnd",
          "addressType": "home",
          "address": "abc x road, India"
        }
      ],
      "prof": "Full stack engineer",
      "phone": 1234567890
    },
    {
      "id": "2",
      "name": "bob",
      "email": "bob@gmail.com",
      "password": "asdfgh",
      "address": [
        {
          "addressid": "xsd",
          "addressType": "home1",
          "address": "balapur x road, India"
        }
      ],
      "prof": "App Developer and Designer",
      "phone": 9132547625
    },
    {
      "id": "3",
      "name": "aarya",
      "email": "stark@gmail.com",
      "password": "asdfgh",
      "address": [
        {
          "addressid": "mdsdf",
          "addressType": "office",
          "address": "phoenix avance"
        }
      ],
      "prof": "Actress",
      "phone": 9955547896
    },
    {
      "id": "1Rdf9PK",
      "name": "vijay",
      "email": "kvijaykumar2345@gmail.com",
      "password": "asdfgh",
      "address": [
        {
          "addressid": "mghsd",
          "addressType": "office",
          "address": "phoenix avance"
        },
        {
          "addressType": "home1",
          "address": "balapur x road, India",
          "addressid": "sg36"
        }
      ],
      "prof": "",
      "phone": 0
    }
  ],
  "items": [
    {
      "id": "1",
      "item_name": "Chicken Biryani Single",
      "img_url": "https://b.zmtcdn.com/data/pictures/0/92020/0307c6fdb751054fb51f876bb913cc16_o2_featured_v2.jpg",
      "res_name": "Grand Hotel",
      "res_type": "North Indian, Chinese, Biryani, Sea Food",
      "cost": 150,
      "rating": 4
    },
    {
      "id": "2",
      "item_name": "Chicken Drum-sticks",
      "img_url": "https://b.zmtcdn.com/data/pictures/9/97569/7d7ec4d6ed89d8b6db333cba89ce5e75_o2_featured_v2.jpg",
      "res_name": "Shree Golden Place",
      "res_type": "North Indian, Chinese, Biryani, South Indian",
      "cost": 180,
      "rating": 4
    },
    {
      "id": "3",
      "item_name": "Combo",
      "img_url": "https://b.zmtcdn.com/data/pictures/chains/1/91711/f3704598c336542166b781026fc5ad4b_o2_featured_v2.jpg",
      "res_name": "Hotel Shadab",
      "res_type": "North Indian, Kebab, Biryani",
      "cost": 1500,
      "rating": 5
    },
    {
      "id": "4",
      "item_name": "Veg Burger Combo",
      "img_url": "https://b.zmtcdn.com/data/pictures/chains/2/97262/924d6db7dee0bb80abc31170174d0df6_o2_featured_v2.jpg",
      "res_name": "McDonald's",
      "res_type": "Burger, Fast Food, Beverages",
      "cost": 450,
      "rating": 5
    },
    {
      "id": "5",
      "item_name": "Nutella Brownie Ice cream",
      "img_url": "https://b.zmtcdn.com/data/pictures/chains/6/90706/59496b1041e33cf5c30f70ae0cb4b07c_o2_featured_v2.png",
      "res_name": "Cream Stone",
      "res_type": "Ice Cream, Desserts",
      "cost": 350,
      "rating": 5
    },
    {
      "id": "6",
      "item_name": "Chicken wings Bucket",
      "img_url": "https://b.zmtcdn.com/data/pictures/chains/5/90195/9410759d611db9c62c3acc23c1f27e06_o2_featured_v2.jpg",
      "res_name": "KFC",
      "res_type": "Burger, Fast Food, Beverages",
      "cost": 550,
      "rating": 5
    }
  ],
  "cartitems": [
    {
      "user_id": "1",
      "items": [
        {
          "id": "1",
          "item_name": "Chicken Biryani Single",
          "img_url": "https://b.zmtcdn.com/data/pictures/0/92020/0307c6fdb751054fb51f876bb913cc16_o2_featured_v2.jpg",
          "res_name": "Grand Hotel",
          "res_type": "North Indian, Chinese, Biryani, Sea Food",
          "cost": 150,
          "rating": 4,
          "search": "chicken"
        }
      ]
    }
  ],
  "usercart": [
    {
      "orders": [
        {
          "orderid": "h58ltu",
          "items": [
            {
              "id": "3",
              "item_name": "Combo",
              "img_url": "https://b.zmtcdn.com/data/pictures/chains/1/91711/f3704598c336542166b781026fc5ad4b_o2_featured_v2.jpg",
              "res_name": "Hotel Shadab",
              "res_type": "North Indian, Kebab, Biryani",
              "cost": 1500,
              "rating": 5,
              "search": "combo"
            },
            {
              "id": "2",
              "item_name": "Chicken Drum-sticks",
              "img_url": "https://b.zmtcdn.com/data/pictures/9/97569/7d7ec4d6ed89d8b6db333cba89ce5e75_o2_featured_v2.jpg",
              "res_name": "Shree Golden Place",
              "res_type": "North Indian, Chinese, Biryani, South Indian",
              "cost": 180,
              "rating": 4,
              "search": "chicken"
            }
          ],
          "totalcost": 1680,
          "date": "2021-05-01T07:43:15.568Z",
          "status": "Delivered!"
        }
      ],
      "userid": "2",
      "id": 1
    },
    {
      "userid": "1Rdf9PK",
      "orders": [],
      "id": 2
    },
    {
      "userid": "",
      "orders": [],
      "id": 3
    },
    {
      "userid": "RSVLmZU",
      "orders": [],
      "id": 4
    },
    {
      "userid": "qzx3muS",
      "orders": [],
      "id": 5
    }
  ]
}