{
  "users": [
    {
      "id": "1",
      "name": "swathi",
      "email": "abc@gmail.com",
      "password": "asdfgh",
      "address" : [{
                      "addressType" : "home",
                      "address" : "abc x road, India"
                  }],
      "prof" : "Full stack engineer",
      "phone" : 1234567890
    },
    {
      "id": "2",
      "name": "bob",
      "email": "bob@gmail.com",
      "password": "asdfgh",
      "address" : [{
                      "addressType" : "home",
                      "address" : "abc x road, India"
                  }],
      "prof" : "App Developer and Designer",
      "phone" : 9132547625
    },
    {
      "id": "3",
      "name": "aarya",
      "email": "stark@gmail.com",
      "password": "asdfgh",
      "address" : [],
      "prof" : "Actress",
      "phone" : 9955547896
    }
  ],
  "items" : [
    {
      "item_name" : "Chicken Biryani Single",
      "img_url" : "https://b.zmtcdn.com/data/pictures/0/92020/0307c6fdb751054fb51f876bb913cc16_o2_featured_v2.jpg",
      "res_name" : "Grand Hotel",
      "res_type" : "North Indian, Chinese, Biryani, Sea Food",
      "cost" : 150,
      "rating" :  4,
      "search" : "chicken"
    },
    {
      "item_name" : "Chicken Drum-sticks",
      "img_url" : "https://b.zmtcdn.com/data/pictures/9/97569/7d7ec4d6ed89d8b6db333cba89ce5e75_o2_featured_v2.jpg",
      "res_name" : "Shree Golden Place",
      "res_type" : "North Indian, Chinese, Biryani, South Indian",
      "cost" : 180,
      "rating" :  4,
      "search" : "chicken"
    },
    {
      "item_name" : "Combo",
      "img_url" : "https://b.zmtcdn.com/data/pictures/chains/1/91711/f3704598c336542166b781026fc5ad4b_o2_featured_v2.jpg",
      "res_name" : "Hotel Shadab",
      "res_type" : "North Indian, Kebab, Biryani",
      "cost" : 1500,
      "rating" :  5,
      "search" : "combo"
    },
    {
      "item_name" : "Veg Burger Combo",
      "img_url" : "https://b.zmtcdn.com/data/pictures/chains/2/97262/924d6db7dee0bb80abc31170174d0df6_o2_featured_v2.jpg",
      "res_name" : "McDonald's",
      "res_type" : "Burger, Fast Food, Beverages",
      "cost" : 450,
      "rating" :  5,
      "search" : "combo"
    },
    {
      "item_name" : "Nutella Brownie",
      "img_url" : "https://b.zmtcdn.com/data/pictures/chains/6/90706/59496b1041e33cf5c30f70ae0cb4b07c_o2_featured_v2.png",
      "res_name" : "Cream Stone",
      "res_type" : "Ice Cream, Desserts",
      "cost" : 350,
      "rating" :  5,
      "search" : "ice cream"
    },
    {
      "item_name" : "Chicken wings Bucket",
      "img_url" : "https://b.zmtcdn.com/data/pictures/chains/5/90195/9410759d611db9c62c3acc23c1f27e06_o2_featured_v2.jpg",
      "res_name" : "KFC",
      "res_type" : "Burger, Fast Food, Beverages",
      "cost" : 550,
      "rating" :  5,
      "search" : "chicken"
    }
  ],
  "cartitems" : [
    {
      "user_id" : "1",
      "items"   : [
                    {
                      "item_name":"Chicken Biryani Single",
                      "img_url":"https://b.zmtcdn.com/data/pictures/0/92020/0307c6fdb751054fb51f876bb913cc16_o2_featured_v2.jpg",
                      "res_name":"Grand Hotel",
                      "res_type":"North Indian, Chinese, Biryani, Sea Food",
                      "cost":150,
                      "rating":4,
                      "search":"chicken"
                    }
                  ]
    }
  ]
}